000000000471.png,423,427,v
000000000641.png,383,428,v
000000000985.png,426,426,v
000000001720.png,257,426,v
000000002644.png,248,443,v
000000003793.png,290,428,v
000000008836.png,300,480,v
000000009872.png,332,332,v
000000011326.png,250,480,v
000000015289.png,407,428,v
000000016513.png,363,428,v
000000019085.png,282,480,v
000000019158.png,515,480,v
000000022229.png,312,414,v
000000023203.png,440,427,v
000000024368.png,270,427,v
000000027711.png,191,426,v
000000033695.png,474,481,v
000000036990.png,254,381,v
000000038022.png,372,549,v
000000039733.png,372,480,v
000000046112.png,374,427,v
000000048194.png,480,360,v
000000049254.png,323,480,v
000000060324.png,371,480,v
000000060458.png,206,480,v
000000116650.png,240,480,v
000000128833.png,401,426,v
