000000003517.jpg,217,638,v
000000004647.jpg,291,458,v
000000008665.jpg,362,480,v
000000009142.jpg,640,265,h
000000011766.jpg,521,209,h
000000013986.jpg,640,181,h
000000015681.jpg,266,441,v
000000016408.jpg,272,333,v
000000019151.jpg,480,318,h
000000023419.jpg,457,480,v
000000025360.jpg,430,524,v
000000025516.jpg,309,427,v
000000025959.jpg,325,427,v
000000028134.jpg,480,372,h
000000029160.jpg,383,427,v
000000029622.jpg,138,366,v
000000029853.jpg,640,265,h
000000051783.jpg,640,231,h
000000117531.jpg,313,427,v
000000118994.jpg,640,255,h
000000127680.jpg,373,424,v
000000128387.jpg,427,281,h
000000132549.jpg,462,369,h
000000134644.jpg,361,425,v
000000135126.jpg,270,480,v
000000139152.jpg,640,172,h
