000000005612.jpg,307,480,v
000000009678.jpg,382,391,v
000000011519.jpg,190,386,v
000000015249.jpg,364,480,v
000000021510.jpg,276,640,v
000000027646.jpg,639,412,h
000000035880.jpg,499,380,v
000000056891.jpg,351,359,v
000000061506.jpg,271,426,v
000000077680.jpg,197,544,v
000000092711.jpg,353,480,v
000000102915.jpg,397,439,v
000000104565.jpg,221,480,v
000000140278.jpg,297,375,v
000000142318.jpg,305,424,v
000000150098.jpg,294,640,v
000000152586.jpg,392,427,v
000000168647.jpg,419,425,v
000000175715.jpg,204,427,v
000000175739.jpg,353,427,v
000000176131.jpg,264,640,v
000000202672.jpg,398,428,v
000000206247.jpg,301,482,v
000000209320.jpg,212,270,v
000000212629.jpg,382,480,v
000000213945.jpg,363,426,v
000000213951.jpg,202,427,v
000000214926.jpg,270,640,v
000000215485.jpg,318,427,v
