000000009709.ppg,250,350,v
000000009988.jpg,271,375,v
000000010327.jpg,188,480,v
000000012750.jpg,357,403,v
000000014276.jpg,440,427,v
000000014862.jpg,182,427,v
000000017873.jpg,381,480,v
000000022815.jpg,272,458,v
000000025974.jpg,411,427,v
000000026174.jpg,414,425,v
000000039520.jpg,404,428,v
000000045535.jpg,387,426,v
000000049987.jpg,455,427,v
000000065088.jpg,367,350,v
000000069504.jpg,377,480,v
000000077479.jpg,417,425,v
000000077603.jpg,299,427,v
000000079085.jpg,427,427,v
000000091728.jpg,390,469,v
000000093864.jpg,210,500,v
000000101657.jpg,410,480,v
000000101684.jpg,321,375,v
000000102333.jpg,456,483,v
000000108442.jpg,408,428,v
000000108707.jpg,211,311,v
000000118911.jpg,444,480,v
000000119210.jpg,452,480,v
000000119495.jpg,372,426,v
