000000003398.png,227,427,v
000000004705.png,277,480,v
000000005745.png,227,427,v
000000011364.png,169,608,v
000000011552.png,332,427,v
000000016119.png,399,415,v
000000029538.png,327,395,v
000000039814.png,346,400,v
000000043614.png,343,418,v
000000043873.png,298,339,v
000000074032.png,313,427,v
000000075786.png,431,427,v
000000087933.png,640,243,h
000000090244.png,267,479,v
000000094355.png,640,192,h
000000109051.png,640,211,h
000000109319.png,344,378,v
000000109542.png,276,612,v
000000126123.png,640,183,h
000000194352.png,427,317,h
000000215939.png,238,427,v
000000242290.png,221,427,v
000000274184.png,229,480,v
000000289354.png,296,457,v
000000304214.png,465,427,v
000000306664.png,323,427,v
000000330368.png,251,426,v
