000000000081.jpg,176,425,v
000000000540.jpg,323,425,v
000000001232.jpg,311,463,v
000000001611.jpg,360,427,v
000000002280.jpg,275,345,v
000000005991.jpg,288,427,v
000000006560.jpg,640,176,h
000000007567.jpg,371,463,v
000000008138.jpg,374,454,v
000000011299.jpg,389,411,v
000000011347.jpg,212,449,v
000000011474.jpg,311,367,v
000000021972.jpg,416,426,v
000000022218.jpg,336,426,v
000000036533.jpg,453,612,v
000000036725.jpg,257,424,v
000000036783.jpg,312,426,v
000000047692.jpg,402,428,v
000000047700.jpg,242,427,v
000000049549.jpg,261,426,v
000000196804.jpg,263,320,v
000000245139.jpg,300,428,v
000000246287.jpg,278,425,v
000000253285.jpg,411,428,v
000000262187.jpg,420,427,v
000000262492.jpg,368,424,v