000000002849.jpg,383,480,v
000000016112.jpg,323,506,v
000000021994.jpg,446,427,v
000000025541.jpg,275,640,v
000000027478.jpg,468,480,v
000000038775.jpg,386,480,v
000000051164.jpg,275,640,v
000000059295.jpg,471,480,v
000000061626.jpg,268,640,v
000000079356.jpg,217,640,v
000000081474.jpg,332,427,v
000000084643.jpg,390,425,v
000000105172.jpg,432,428,v
000000116562.jpg,244,612,v
000000125626.jpg,150,333,v
000000126685.jpg,390,427,v
000000129587.jpg,419,480,v
000000132776.jpg,236,427,v
000000149151.jpg,554,427,v
000000168289.jpg,428,427,v
000000173385.jpg,408,427,v
000000188987.jpg,374,428,v
000000194411.jpg,452,424,v
000000216817.jpg,410,480,v
000000221685.jpg,232,424,v
000000223734.jpg,405,424,v
000000260817.jpg,230,480,v
000000273118.jpg,383,480,v
