000000016109.jpg,398,480,v
000000049187.jpg,212,461,v
000000056971.jpg,377,480,v
000000102030.jpg,199,640,v
000000102614.jpg,413,456,v
000000109888.jpg,126,500,v
000000117965.jpg,257,450,v
000000181934.jpg,275,411,v
000000186009.jpg,305,480,v
000000187334.jpg,284,480,v
000000187351.jpg,269,480,v
000000197461.jpg,246,640,v
000000206542.jpg,183,480,v
000000232675.jpg,278,575,v
000000243316.jpg,353,425,v
000000249264.jpg,365,428,v
000000279708.jpg,282,480,v
000000280132.jpg,507,479,v
000000284843.jpg,121,500,v
000000311075.jpg,302,636,v
000000374023.jpg,270,480,v
000000396410.jpg,246,359,v
000000412963.jpg,156,266,v
000000417887.jpg,449,457,v
000000422284.jpg,405,480,v
000000432748.jpg,236,454,v
000000432917.jpg,306,532,v
