000000000706.jpg,309,640,v
000000001282.jpg,426,295,h
000000001448.jpg,250,375,v
000000002066.jpg,375,218,h
000000008958.jpg,425,270,h
000000009478.jpg,348,408,v
000000016573.jpg,276,424,v
000000019184.jpg,424,282,h
000000028110.jpg,640,214,h
000000032667.jpg,624,365,h
000000044509.jpg,273,427,v
000000046152.jpg,333,428,v
000000047599.jpg,480,295,h
000000053064.jpg,494,281,h
000000064256.jpg,427,308,h
000000068996.jpg,275,480,v
000000073440.jpg,206,640,v
000000079589.jpg,344,427,v
000000085816.jpg,342,480,v
000000087007.jpg,124,500,v
000000095320.jpg,161,500,v
000000103307.jpg,189,500,v
000000110084.jpg,480,302,h
000000133939.jpg,473,480,v
000000145429.jpg,375,233,h
000000145825.jpg,192,500,v
000000522032.jpg,638,210,h
